{
  "project_info": {
    "project_number": "1011998015480",
    "project_id": "fir-authenticationdemo-84276",
    "storage_bucket": "fir-authenticationdemo-84276.appspot.com"
  },
  "client": [
    {
      "client_info": {
        "mobilesdk_app_id": "1:1011998015480:android:3d67ee1e4eeed8851ce00d",
        "android_client_info": {
          "package_name": "com.example.firebaseauthenticationdemo"
        }
      },
      "oauth_client": [
        {
          "client_id": "1011998015480-toqe3il1sd6qgm00evksqddtbfvni7b8.apps.googleusercontent.com",
          "client_type": 1,
          "android_info": {
            "package_name": "com.example.firebaseauthenticationdemo",
            "certificate_hash": "56b6d61a111fa6aa1fc31c74a0ab1280413fefbe"
          }
        },
        {
          "client_id": "1011998015480-l1uct8p0cbtjdomoack9jc3fi74sn1jn.apps.googleusercontent.com",
          "client_type": 3
        }
      ],
      "api_key": [
        {
          "current_key": "AIzaSyAHzwTskqdBAByedRi_2Wmqy3yTysP9Xng"
        }
      ],
      "services": {
        "appinvite_service": {
          "other_platform_oauth_client": [
            {
              "client_id": "1011998015480-l1uct8p0cbtjdomoack9jc3fi74sn1jn.apps.googleusercontent.com",
              "client_type": 3
            }
          ]
        }
      }
    }
  ],
  "configuration_version": "1"
}