{
  "project_info": {
    "project_number": "34842546752",
    "firebase_url": "https://fir-demo-fd1e9-default-rtdb.firebaseio.com",
    "project_id": "fir-demo-fd1e9",
    "storage_bucket": "fir-demo-fd1e9.appspot.com"
  },
  "client": [
    {
      "client_info": {
        "mobilesdk_app_id": "1:34842546752:android:01a70fc4fb7cf07d0a05a5",
        "android_client_info": {
          "package_name": "com.example.firebasedemo"
        }
      },
      "oauth_client": [
        {
          "client_id": "34842546752-vrqt7kklkeu823vk3kkh979d9930bpuu.apps.googleusercontent.com",
          "client_type": 1,
          "android_info": {
            "package_name": "com.example.firebasedemo",
            "certificate_hash": "56b6d61a111fa6aa1fc31c74a0ab1280413fefbe"
          }
        },
        {
          "client_id": "34842546752-3b2n0bh83ravc707ritqk2g6ccii1pt8.apps.googleusercontent.com",
          "client_type": 3
        }
      ],
      "api_key": [
        {
          "current_key": "AIzaSyAo_gWtZzSUGBWcvRE3Oy0AW7siZQOC83Q"
        }
      ],
      "services": {
        "appinvite_service": {
          "other_platform_oauth_client": [
            {
              "client_id": "34842546752-3b2n0bh83ravc707ritqk2g6ccii1pt8.apps.googleusercontent.com",
              "client_type": 3
            }
          ]
        }
      }
    }
  ],
  "configuration_version": "1"
}