{
  "project_info": {
    "project_number": "1021823191758",
    "project_id": "demochatapp-f9d02",
    "storage_bucket": "demochatapp-f9d02.appspot.com"
  },
  "client": [
    {
      "client_info": {
        "mobilesdk_app_id": "1:1021823191758:android:c1c0de596f4b5fac3e5e9f",
        "android_client_info": {
          "package_name": "com.example.demochatapp"
        }
      },
      "oauth_client": [
        {
          "client_id": "1021823191758-u0ehdl2khovlj83938tihrcmcs5ef925.apps.googleusercontent.com",
          "client_type": 1,
          "android_info": {
            "package_name": "com.example.demochatapp",
            "certificate_hash": "56b6d61a111fa6aa1fc31c74a0ab1280413fefbe"
          }
        },
        {
          "client_id": "1021823191758-u0h7eli5g6r5327issb5lfjtkejld7gq.apps.googleusercontent.com",
          "client_type": 3
        }
      ],
      "api_key": [
        {
          "current_key": "AIzaSyBpDHeI54lCtxiv27E7MHeSbpoKuJUQiO4"
        }
      ],
      "services": {
        "appinvite_service": {
          "other_platform_oauth_client": [
            {
              "client_id": "1021823191758-u0h7eli5g6r5327issb5lfjtkejld7gq.apps.googleusercontent.com",
              "client_type": 3
            }
          ]
        }
      }
    }
  ],
  "configuration_version": "1"
}