{
  "project_info": {
    "project_number": "595345418064",
    "project_id": "mychatapp-e9a8e",
    "storage_bucket": "mychatapp-e9a8e.appspot.com"
  },
  "client": [
    {
      "client_info": {
        "mobilesdk_app_id": "1:595345418064:android:a9a47d568a43857a8aae55",
        "android_client_info": {
          "package_name": "com.example.mychatapp"
        }
      },
      "oauth_client": [
        {
          "client_id": "595345418064-6adk2v4mvd6jn5r0uaidqc7rujgvutv0.apps.googleusercontent.com",
          "client_type": 1,
          "android_info": {
            "package_name": "com.example.mychatapp",
            "certificate_hash": "56b6d61a111fa6aa1fc31c74a0ab1280413fefbe"
          }
        },
        {
          "client_id": "595345418064-fnhea89r82ohmojfpsbmefitqvn5dmv3.apps.googleusercontent.com",
          "client_type": 3
        }
      ],
      "api_key": [
        {
          "current_key": "AIzaSyCsDM63POYe5uN3KMBCKZwJorffgwUnPVo"
        }
      ],
      "services": {
        "appinvite_service": {
          "other_platform_oauth_client": [
            {
              "client_id": "595345418064-fnhea89r82ohmojfpsbmefitqvn5dmv3.apps.googleusercontent.com",
              "client_type": 3
            }
          ]
        }
      }
    }
  ],
  "configuration_version": "1"
}